"Airspace ID","Min Flight Level","Max Flight Level","Sequence Number","Latitude","Longitude"
"LECBFIR",0,245,1,42.84528,0.75
"LECBFIR",0,245,2,42.85,0.73333
"LECBFIR",0,245,3,42.69306,0.55833
"LECBFIR",0,245,4,42.7,0.41667
"LECBFIR",0,245,5,42.7,0.36667
"LECBFIR",0,245,6,42.73222,0.15111
"LECBFIR",0,245,7,42.7,-0.06667
"LECBFIR",0,245,8,42.1,-0.29167
"LECBFIR",0,245,9,41.78333,-0.39167
"LECBFIR",0,245,10,41.11667,-0.61667
"LECBFIR",0,245,11,40.70417,-0.77222
"LECBFIR",0,245,12,40.23083,-0.92556
"LECBFIR",0,245,13,40.08806,-0.97139
"LECBFIR",0,245,14,40,-1
"LECBFIR",0,245,15,39.91167,-1.04056
"LECBFIR",0,245,16,39.15,-1.25
"LECBFIR",0,245,17,39.02444,-1.26306
"LECBFIR",0,245,18,39.00528,-1.29528
"LECBFIR",0,245,19,38.83333,-1.33333
"LECBFIR",0,245,20,38.27222,-1.45667
"LECBFIR",0,245,21,37.9075,-1.5575
"LECBFIR",0,245,22,37.88278,-1.56472
"LECBFIR",0,245,23,37.09,-1.77222
"LECBFIR",0,245,24,36.85,-1.83333
"LECBFIR",0,245,25,36.77611,-1.86111
"LECBFIR",0,245,26,36.69333,-1.88861
"LECBFIR",0,245,27,35.83333,-2.1
"LECBFIR",0,245,28,35.83333,-2
"LECBFIR",0,245,29,35.88333,-2.025
"LECBFIR",0,245,30,36.25222,-1.495
"LECBFIR",0,245,31,36.405,-1.13778
"LECBFIR",0,245,32,36.45361,-1.02361
"LECBFIR",0,245,33,36.87111,-0.02361
"LECBFIR",0,245,34,36.91667,0.1
"LECBFIR",0,245,35,37.27472,1.12389
"LECBFIR",0,245,36,37.44167,1.5
"LECBFIR",0,245,37,37.71667,2.125
"LECBFIR",0,245,38,37.80361,2.32889
"LECBFIR",0,245,39,37.9025,2.58944
"LECBFIR",0,245,40,38.11306,3.15139
"LECBFIR",0,245,41,38.13194,3.20194
"LECBFIR",0,245,42,38.21333,3.42194
"LECBFIR",0,245,43,38.26056,3.55
"LECBFIR",0,245,44,38.33333,3.75
"LECBFIR",0,245,45,38.48028,3.94972
"LECBFIR",0,245,46,39,4.685
"LECBFIR",0,245,47,39.58444,4.66667
"LECBFIR",0,245,48,39.71667,4.66667
"LECBFIR",0,245,49,39.95667,4.66667
"LECBFIR",0,245,50,40.03111,4.66667
"LECBFIR",0,245,51,40.06472,4.66667
"LECBFIR",0,245,52,40.18028,4.66667
"LECBFIR",0,245,53,40.28222,4.66667
"LECBFIR",0,245,54,40.39111,4.66667
"LECBFIR",0,245,55,40.5,4.66667
"LECBFIR",0,245,56,40.55222,4.66667
"LECBFIR",0,245,57,40.85694,4.66667
"LECBFIR",0,245,58,41.0575,4.66667
"LECBFIR",0,245,59,41.41667,4.66667
"LECBFIR",0,245,60,41.73333,4.66667
"LECBFIR",0,245,61,42,4.66667
"LECBFIR",0,245,62,42.06889,4.43472
"LECBFIR",0,245,63,42.07972,4.415
"LECBFIR",0,245,64,42.09861,4.33333
"LECBFIR",0,245,65,42.17222,4.11556
"LECBFIR",0,245,66,42.20917,4.00028
"LECBFIR",0,245,67,42.21694,3.92222
"LECBFIR",0,245,68,42.26028,3.82861
"LECBFIR",0,245,69,42.33333,3.5
"LECBFIR",0,245,70,42.43111,3.20083
"LECBFIR",0,245,71,42.43278,3.17639
"LECBFIR",0,245,72,42.43333,3.16667
"LECBFIR",0,245,73,42.43222,3.12833
"LECBFIR",0,245,74,42.48028,2.98306
"LECBFIR",0,245,75,42.46583,2.9075
"LECBFIR",0,245,76,42.45139,2.83222
"LECBFIR",0,245,77,42.41667,2.69167
"LECBFIR",0,245,78,42.4,2.53333
"LECBFIR",0,245,79,42.43333,2.21639
"LECBFIR",0,245,80,42.38333,2.16667
"LECBFIR",0,245,81,42.3825,2.10472
"LECBFIR",0,245,82,42.38167,2.10028
"LECBFIR",0,245,83,42.36694,2.00833
"LECBFIR",0,245,84,42.50444,1.72806
"LECBFIR",0,245,85,42.6175,1.67833
"LECBFIR",0,245,86,42.61722,1.64583
"LECBFIR",0,245,87,42.61611,1.48361
"LECBFIR",0,245,88,42.69444,1.375
"LECBFIR",0,245,89,42.72444,1.22944
"LECBFIR",0,245,90,42.77528,1.11389
"LECBFIR",0,245,91,42.77472,0.99722
"LECBFIR",0,245,92,42.81583,0.86194
"LECBFIR",0,245,93,42.84528,0.75
"LECBUIR",245,999,1,42.84528,0.75
"LECBUIR",245,999,2,42.85,0.73333
"LECBUIR",245,999,3,42.69306,0.55833
"LECBUIR",245,999,4,42.7,0.41667
"LECBUIR",245,999,5,42.7,0.36667
"LECBUIR",245,999,6,42.73222,0.15111
"LECBUIR",245,999,7,42.7,-0.06667
"LECBUIR",245,999,8,42.1,-0.29167
"LECBUIR",245,999,9,41.78333,-0.39167
"LECBUIR",245,999,10,41.11667,-0.61667
"LECBUIR",245,999,11,40.70417,-0.77222
"LECBUIR",245,999,12,40.23083,-0.92556
"LECBUIR",245,999,13,40.08806,-0.97139
"LECBUIR",245,999,14,40,-1
"LECBUIR",245,999,15,39.91167,-1.04056
"LECBUIR",245,999,16,39.15,-1.25
"LECBUIR",245,999,17,39.02444,-1.26306
"LECBUIR",245,999,18,39.00528,-1.29528
"LECBUIR",245,999,19,38.83333,-1.33333
"LECBUIR",245,999,20,38.27222,-1.45667
"LECBUIR",245,999,21,37.9075,-1.5575
"LECBUIR",245,999,22,37.88278,-1.56472
"LECBUIR",245,999,23,37.09,-1.77222
"LECBUIR",245,999,24,36.85,-1.83333
"LECBUIR",245,999,25,36.77611,-1.86111
"LECBUIR",245,999,26,36.69333,-1.88861
"LECBUIR",245,999,27,35.83333,-2.1
"LECBUIR",245,999,28,35.83333,-2
"LECBUIR",245,999,29,35.88333,-2.025
"LECBUIR",245,999,30,36.25222,-1.495
"LECBUIR",245,999,31,36.405,-1.13778
"LECBUIR",245,999,32,36.45361,-1.02361
"LECBUIR",245,999,33,36.87111,-0.02361
"LECBUIR",245,999,34,36.91667,0.1
"LECBUIR",245,999,35,37.27472,1.12389
"LECBUIR",245,999,36,37.44167,1.5
"LECBUIR",245,999,37,37.71667,2.125
"LECBUIR",245,999,38,37.80361,2.32889
"LECBUIR",245,999,39,37.9025,2.58944
"LECBUIR",245,999,40,38.11306,3.15139
"LECBUIR",245,999,41,38.13194,3.20194
"LECBUIR",245,999,42,38.21333,3.42194
"LECBUIR",245,999,43,38.26056,3.55
"LECBUIR",245,999,44,38.33333,3.75
"LECBUIR",245,999,45,38.48028,3.94972
"LECBUIR",245,999,46,39,4.685
"LECBUIR",245,999,47,39.58444,4.66667
"LECBUIR",245,999,48,39.71667,4.66667
"LECBUIR",245,999,49,39.95667,4.66667
"LECBUIR",245,999,50,40.03111,4.66667
"LECBUIR",245,999,51,40.06472,4.66667
"LECBUIR",245,999,52,40.18028,4.66667
"LECBUIR",245,999,53,40.28222,4.66667
"LECBUIR",245,999,54,40.39111,4.66667
"LECBUIR",245,999,55,40.5,4.66667
"LECBUIR",245,999,56,40.55222,4.66667
"LECBUIR",245,999,57,40.85694,4.66667
"LECBUIR",245,999,58,41.0575,4.66667
"LECBUIR",245,999,59,41.41667,4.66667
"LECBUIR",245,999,60,41.73333,4.66667
"LECBUIR",245,999,61,42,4.66667
"LECBUIR",245,999,62,42.06889,4.43472
"LECBUIR",245,999,63,42.07972,4.415
"LECBUIR",245,999,64,42.09861,4.33333
"LECBUIR",245,999,65,42.17222,4.11556
"LECBUIR",245,999,66,42.20917,4.00028
"LECBUIR",245,999,67,42.21694,3.92222
"LECBUIR",245,999,68,42.26028,3.82861
"LECBUIR",245,999,69,42.33333,3.5
"LECBUIR",245,999,70,42.43111,3.20083
"LECBUIR",245,999,71,42.43278,3.17639
"LECBUIR",245,999,72,42.43333,3.16667
"LECBUIR",245,999,73,42.43222,3.12833
"LECBUIR",245,999,74,42.48028,2.98306
"LECBUIR",245,999,75,42.46583,2.9075
"LECBUIR",245,999,76,42.45139,2.83222
"LECBUIR",245,999,77,42.41667,2.69167
"LECBUIR",245,999,78,42.4,2.53333
"LECBUIR",245,999,79,42.43333,2.21639
"LECBUIR",245,999,80,42.38333,2.16667
"LECBUIR",245,999,81,42.3825,2.10472
"LECBUIR",245,999,82,42.38167,2.10028
"LECBUIR",245,999,83,42.36694,2.00833
"LECBUIR",245,999,84,42.50444,1.72806
"LECBUIR",245,999,85,42.6175,1.67833
"LECBUIR",245,999,86,42.61722,1.64583
"LECBUIR",245,999,87,42.61611,1.48361
"LECBUIR",245,999,88,42.69444,1.375
"LECBUIR",245,999,89,42.72444,1.22944
"LECBUIR",245,999,90,42.77528,1.11389
"LECBUIR",245,999,91,42.77472,0.99722
"LECBUIR",245,999,92,42.81583,0.86194
"LECBUIR",245,999,93,42.84528,0.75
"LECMFIR",0,245,1,45,-12.91667
"LECMFIR",0,245,2,45,-13
"LECMFIR",0,245,3,44.5,-13
"LECMFIR",0,245,4,44,-13
"LECMFIR",0,245,5,43.5,-13
"LECMFIR",0,245,6,43,-13
"LECMFIR",0,245,7,42.83333,-12.5
"LECMFIR",0,245,8,42.67889,-12
"LECMFIR",0,245,9,42.28306,-10.81611
"LECMFIR",0,245,10,42.02389,-10.06806
"LECMFIR",0,245,11,42,-10
"LECMFIR",0,245,12,41.93333,-9.4
"LECMFIR",0,245,13,41.92556,-9.36194
"LECMFIR",0,245,14,41.87278,-8.92667
"LECMFIR",0,245,15,41.8675,-8.84361
"LECMFIR",0,245,16,42.06806,-8.56333
"LECMFIR",0,245,17,42.13972,-8.22833
"LECMFIR",0,245,18,41.815,-8.08111
"LECMFIR",0,245,19,41.90861,-7.77583
"LECMFIR",0,245,20,41.85556,-7.60472
"LECMFIR",0,245,21,41.83056,-7.47278
"LECMFIR",0,245,22,41.85278,-7.26667
"LECMFIR",0,245,23,41.93639,-7.11694
"LECMFIR",0,245,24,41.93667,-7.11639
"LECMFIR",0,245,25,41.94167,-6.625
"LECMFIR",0,245,26,41.93333,-6.56667
"LECMFIR",0,245,27,41.76972,-6.49944
"LECMFIR",0,245,28,41.67361,-6.37056
"LECMFIR",0,245,29,41.58333,-6.25
"LECMFIR",0,245,30,41.48306,-6.28
"LECMFIR",0,245,31,41.38,-6.3925
"LECMFIR",0,245,32,41.12972,-6.77722
"LECMFIR",0,245,33,40.83333,-6.83333
"LECMFIR",0,245,34,40.76611,-6.81694
"LECMFIR",0,245,35,40.66667,-6.76667
"LECMFIR",0,245,36,40.62278,-6.72278
"LECMFIR",0,245,37,40.51667,-6.8
"LECMFIR",0,245,38,40.39944,-6.81833
"LECMFIR",0,245,39,40.36389,-6.78333
"LECMFIR",0,245,40,40.12556,-6.99194
"LECMFIR",0,245,41,39.99444,-6.87444
"LECMFIR",0,245,42,39.87639,-6.87361
"LECMFIR",0,245,43,39.68611,-7
"LECMFIR",0,245,44,39.66667,-7
"LECMFIR",0,245,45,39.66306,-7.50083
"LECMFIR",0,245,46,39.53889,-7.38667
"LECMFIR",0,245,47,39.52889,-7.36639
"LECMFIR",0,245,48,39.33,-7.3025
"LECMFIR",0,245,49,39.21944,-7.22333
"LECMFIR",0,245,50,39.16111,-7.15
"LECMFIR",0,245,51,39.12528,-7.06
"LECMFIR",0,245,52,39.10889,-7.02833
"LECMFIR",0,245,53,39.11667,-7.01667
"LECMFIR",0,245,54,39.10361,-7.01
"LECMFIR",0,245,55,39.07389,-6.97528
"LECMFIR",0,245,56,39.05694,-6.96472
"LECMFIR",0,245,57,39.0375,-6.96361
"LECMFIR",0,245,58,39.0225,-6.95528
"LECMFIR",0,245,59,39,-6.97361
"LECMFIR",0,245,60,38.89778,-7.06833
"LECMFIR",0,245,61,38.8,-7.15
"LECMFIR",0,245,62,38.73139,-7.22
"LECMFIR",0,245,63,38.63333,-7.25
"LECMFIR",0,245,64,38.5525,-7.28194
"LECMFIR",0,245,65,38.50028,-7.3
"LECMFIR",0,245,66,38.34611,-7.1675
"LECMFIR",0,245,67,38.15,-7
"LECMFIR",0,245,68,38.12472,-7.01972
"LECMFIR",0,245,69,38.08333,-7
"LECMFIR",0,245,70,38.02139,-7.10111
"LECMFIR",0,245,71,38.00083,-7.12583
"LECMFIR",0,245,72,37.89556,-7.24806
"LECMFIR",0,245,73,37.825,-7.31667
"LECMFIR",0,245,74,37.58333,-7.5
"LECMFIR",0,245,75,37.41667,-7.43333
"LECMFIR",0,245,76,37.34639,-7.42111
"LECMFIR",0,245,77,37.24583,-7.42861
"LECMFIR",0,245,78,37.12889,-7.38333
"LECMFIR",0,245,79,37.07611,-7.38333
"LECMFIR",0,245,80,37.03667,-7.38333
"LECMFIR",0,245,81,36.91667,-7.38333
"LECMFIR",0,245,82,36.83333,-7.38333
"LECMFIR",0,245,83,36.66667,-7.38333
"LECMFIR",0,245,84,36.02667,-7.38333
"LECMFIR",0,245,85,35.96667,-7.38333
"LECMFIR",0,245,86,35.83333,-7.38333
"LECMFIR",0,245,87,35.83333,-7
"LECMFIR",0,245,88,35.83333,-6.75
"LECMFIR",0,245,89,35.83333,-6.7175
"LECMFIR",0,245,90,35.83333,-6.63222
"LECMFIR",0,245,91,35.83333,-6.45083
"LECMFIR",0,245,92,35.83333,-6.32389
"LECMFIR",0,245,93,35.83333,-6.23917
"LECMFIR",0,245,94,35.83333,-5.95444
"LECMFIR",0,245,95,35.83333,-5.7
"LECMFIR",0,245,96,35.83333,-5.66667
"LECMFIR",0,245,97,35.83333,-5.14361
"LECMFIR",0,245,98,35.83333,-5.11917
"LECMFIR",0,245,99,35.83333,-4.9
"LECMFIR",0,245,100,35.83333,-4.37083
"LECMFIR",0,245,101,35.83333,-4
"LECMFIR",0,245,102,35.83333,-3.95833
"LECMFIR",0,245,103,35.83333,-3.70333
"LECMFIR",0,245,104,35.83333,-3.5
"LECMFIR",0,245,105,35.83333,-3.44083
"LECMFIR",0,245,106,35.83333,-3.43333
"LECMFIR",0,245,107,35.83333,-3.26389
"LECMFIR",0,245,108,35.83333,-3.23583
"LECMFIR",0,245,109,35.83333,-3.05
"LECMFIR",0,245,110,35.83333,-2.68639
"LECMFIR",0,245,111,35.83333,-2.11667
"LECMFIR",0,245,112,35.83333,-2.1
"LECMFIR",0,245,113,36.69333,-1.88861
"LECMFIR",0,245,114,36.77611,-1.86111
"LECMFIR",0,245,115,36.85,-1.83333
"LECMFIR",0,245,116,37.09,-1.77222
"LECMFIR",0,245,117,37.88278,-1.56472
"LECMFIR",0,245,118,37.9075,-1.5575
"LECMFIR",0,245,119,38.27222,-1.45667
"LECMFIR",0,245,120,38.83333,-1.33333
"LECMFIR",0,245,121,39.00528,-1.29528
"LECMFIR",0,245,122,39.02444,-1.26306
"LECMFIR",0,245,123,39.15,-1.25
"LECMFIR",0,245,124,39.91167,-1.04056
"LECMFIR",0,245,125,40,-1
"LECMFIR",0,245,126,40.08806,-0.97139
"LECMFIR",0,245,127,40.23083,-0.92556
"LECMFIR",0,245,128,40.70417,-0.77222
"LECMFIR",0,245,129,41.11667,-0.61667
"LECMFIR",0,245,130,41.78333,-0.39167
"LECMFIR",0,245,131,42.1,-0.29167
"LECMFIR",0,245,132,42.7,-0.06667
"LECMFIR",0,245,133,42.76472,-0.2
"LECMFIR",0,245,134,42.78806,-0.24444
"LECMFIR",0,245,135,42.83833,-0.295
"LECMFIR",0,245,136,42.81667,-0.46
"LECMFIR",0,245,137,42.875,-0.65694
"LECMFIR",0,245,138,42.89639,-0.72778
"LECMFIR",0,245,139,42.93194,-0.84444
"LECMFIR",0,245,140,42.97278,-0.97917
"LECMFIR",0,245,141,43.00917,-1.10806
"LECMFIR",0,245,142,43.05,-1.33333
"LECMFIR",0,245,143,43.05833,-1.45083
"LECMFIR",0,245,144,43.2875,-1.46667
"LECMFIR",0,245,145,43.28389,-1.49139
"LECMFIR",0,245,146,43.29194,-1.51361
"LECMFIR",0,245,147,43.25389,-1.56639
"LECMFIR",0,245,148,43.29083,-1.61806
"LECMFIR",0,245,149,43.31389,-1.72111
"LECMFIR",0,245,150,43.355,-1.74028
"LECMFIR",0,245,151,43.38333,-1.78333
"LECMFIR",0,245,152,43.58333,-1.78333
"LECMFIR",0,245,153,43.64639,-1.9625
"LECMFIR",0,245,154,43.68333,-2.06667
"LECMFIR",0,245,155,43.71944,-2.16583
"LECMFIR",0,245,156,43.83889,-2.51944
"LECMFIR",0,245,157,43.91083,-2.72889
"LECMFIR",0,245,158,43.91417,-2.73861
"LECMFIR",0,245,159,43.94861,-2.84028
"LECMFIR",0,245,160,43.97361,-2.9125
"LECMFIR",0,245,161,44.05139,-3.15028
"LECMFIR",0,245,162,44.29722,-3.89167
"LECMFIR",0,245,163,44.32889,-3.9875
"LECMFIR",0,245,164,44.37583,-4.23139
"LECMFIR",0,245,165,44.4125,-4.43611
"LECMFIR",0,245,166,44.44333,-4.60694
"LECMFIR",0,245,167,44.50528,-4.9475
"LECMFIR",0,245,168,44.54417,-5.13944
"LECMFIR",0,245,169,44.62222,-5.625
"LECMFIR",0,245,170,44.65861,-5.83667
"LECMFIR",0,245,171,44.83472,-6.91667
"LECMFIR",0,245,172,44.83528,-6.91972
"LECMFIR",0,245,173,45,-8
"LECMFIR",0,245,174,45,-8.75
"LECMFIR",0,245,175,45,-9
"LECMFIR",0,245,176,45,-9.13
"LECMFIR",0,245,177,45,-9.5
"LECMFIR",0,245,178,45,-9.83667
"LECMFIR",0,245,179,45,-10
"LECMFIR",0,245,180,45,-10.5
"LECMFIR",0,245,181,45,-11
"LECMFIR",0,245,182,45,-11.5
"LECMFIR",0,245,183,45,-12
"LECMFIR",0,245,184,45,-12.5
"LECMFIR",0,245,185,45,-12.58333
"LECMFIR",0,245,186,45,-12.91667
"LECMUIR",245,999,1,45,-12.91667
"LECMUIR",245,999,2,45,-13
"LECMUIR",245,999,3,44.5,-13
"LECMUIR",245,999,4,44,-13
"LECMUIR",245,999,5,43.5,-13
"LECMUIR",245,999,6,43,-13
"LECMUIR",245,999,7,42.83333,-12.5
"LECMUIR",245,999,8,42.67889,-12
"LECMUIR",245,999,9,42.28306,-10.81611
"LECMUIR",245,999,10,42.02389,-10.06806
"LECMUIR",245,999,11,42,-10
"LECMUIR",245,999,12,41.93333,-9.4
"LECMUIR",245,999,13,41.92556,-9.36194
"LECMUIR",245,999,14,41.87278,-8.92667
"LECMUIR",245,999,15,41.8675,-8.84361
"LECMUIR",245,999,16,42.06806,-8.56333
"LECMUIR",245,999,17,42.13972,-8.22833
"LECMUIR",245,999,18,41.815,-8.08111
"LECMUIR",245,999,19,41.90861,-7.77583
"LECMUIR",245,999,20,41.85556,-7.60472
"LECMUIR",245,999,21,41.83056,-7.47278
"LECMUIR",245,999,22,41.85278,-7.26667
"LECMUIR",245,999,23,41.93639,-7.11694
"LECMUIR",245,999,24,41.93667,-7.11639
"LECMUIR",245,999,25,41.94167,-6.625
"LECMUIR",245,999,26,41.93333,-6.56667
"LECMUIR",245,999,27,41.76972,-6.49944
"LECMUIR",245,999,28,41.67361,-6.37056
"LECMUIR",245,999,29,41.58333,-6.25
"LECMUIR",245,999,30,41.48306,-6.28
"LECMUIR",245,999,31,41.38,-6.3925
"LECMUIR",245,999,32,41.12972,-6.77722
"LECMUIR",245,999,33,40.83333,-6.83333
"LECMUIR",245,999,34,40.76611,-6.81694
"LECMUIR",245,999,35,40.66667,-6.76667
"LECMUIR",245,999,36,40.62278,-6.72278
"LECMUIR",245,999,37,40.51667,-6.8
"LECMUIR",245,999,38,40.39944,-6.81833
"LECMUIR",245,999,39,40.36389,-6.78333
"LECMUIR",245,999,40,40.12556,-6.99194
"LECMUIR",245,999,41,39.99444,-6.87444
"LECMUIR",245,999,42,39.87639,-6.87361
"LECMUIR",245,999,43,39.68611,-7
"LECMUIR",245,999,44,39.66667,-7
"LECMUIR",245,999,45,39.66306,-7.50083
"LECMUIR",245,999,46,39.53889,-7.38667
"LECMUIR",245,999,47,39.52889,-7.36639
"LECMUIR",245,999,48,39.33,-7.3025
"LECMUIR",245,999,49,39.21944,-7.22333
"LECMUIR",245,999,50,39.16111,-7.15
"LECMUIR",245,999,51,39.12528,-7.06
"LECMUIR",245,999,52,39.10889,-7.02833
"LECMUIR",245,999,53,39.11667,-7.01667
"LECMUIR",245,999,54,39.10361,-7.01
"LECMUIR",245,999,55,39.07389,-6.97528
"LECMUIR",245,999,56,39.05694,-6.96472
"LECMUIR",245,999,57,39.0375,-6.96361
"LECMUIR",245,999,58,39.0225,-6.95528
"LECMUIR",245,999,59,39,-6.97361
"LECMUIR",245,999,60,38.89778,-7.06833
"LECMUIR",245,999,61,38.8,-7.15
"LECMUIR",245,999,62,38.73139,-7.22
"LECMUIR",245,999,63,38.63333,-7.25
"LECMUIR",245,999,64,38.5525,-7.28194
"LECMUIR",245,999,65,38.50028,-7.3
"LECMUIR",245,999,66,38.34611,-7.1675
"LECMUIR",245,999,67,38.15,-7
"LECMUIR",245,999,68,38.12472,-7.01972
"LECMUIR",245,999,69,38.08333,-7
"LECMUIR",245,999,70,38.02139,-7.10111
"LECMUIR",245,999,71,38.00083,-7.12583
"LECMUIR",245,999,72,37.89556,-7.24806
"LECMUIR",245,999,73,37.825,-7.31667
"LECMUIR",245,999,74,37.58333,-7.5
"LECMUIR",245,999,75,37.41667,-7.43333
"LECMUIR",245,999,76,37.34639,-7.42111
"LECMUIR",245,999,77,37.24583,-7.42861
"LECMUIR",245,999,78,37.12889,-7.38333
"LECMUIR",245,999,79,37.07611,-7.38333
"LECMUIR",245,999,80,37.03667,-7.38333
"LECMUIR",245,999,81,36.91667,-7.38333
"LECMUIR",245,999,82,36.83333,-7.38333
"LECMUIR",245,999,83,36.66667,-7.38333
"LECMUIR",245,999,84,36.02667,-7.38333
"LECMUIR",245,999,85,35.96667,-7.38333
"LECMUIR",245,999,86,35.83333,-7.38333
"LECMUIR",245,999,87,35.83333,-7
"LECMUIR",245,999,88,35.83333,-6.75
"LECMUIR",245,999,89,35.83333,-6.7175
"LECMUIR",245,999,90,35.83333,-6.63222
"LECMUIR",245,999,91,35.83333,-6.45083
"LECMUIR",245,999,92,35.83333,-6.32389
"LECMUIR",245,999,93,35.83333,-6.23917
"LECMUIR",245,999,94,35.83333,-5.95444
"LECMUIR",245,999,95,35.83333,-5.7
"LECMUIR",245,999,96,35.83333,-5.66667
"LECMUIR",245,999,97,35.83333,-5.14361
"LECMUIR",245,999,98,35.83333,-5.11917
"LECMUIR",245,999,99,35.83333,-4.9
"LECMUIR",245,999,100,35.83333,-4.37083
"LECMUIR",245,999,101,35.83333,-4
"LECMUIR",245,999,102,35.83333,-3.95833
"LECMUIR",245,999,103,35.83333,-3.70333
"LECMUIR",245,999,104,35.83333,-3.5
"LECMUIR",245,999,105,35.83333,-3.44083
"LECMUIR",245,999,106,35.83333,-3.43333
"LECMUIR",245,999,107,35.83333,-3.26389
"LECMUIR",245,999,108,35.83333,-3.23583
"LECMUIR",245,999,109,35.83333,-3.05
"LECMUIR",245,999,110,35.83333,-2.68639
"LECMUIR",245,999,111,35.83333,-2.11667
"LECMUIR",245,999,112,35.83333,-2.1
"LECMUIR",245,999,113,36.69333,-1.88861
"LECMUIR",245,999,114,36.77611,-1.86111
"LECMUIR",245,999,115,36.85,-1.83333
"LECMUIR",245,999,116,37.09,-1.77222
"LECMUIR",245,999,117,37.88278,-1.56472
"LECMUIR",245,999,118,37.9075,-1.5575
"LECMUIR",245,999,119,38.27222,-1.45667
"LECMUIR",245,999,120,38.83333,-1.33333
"LECMUIR",245,999,121,39.00528,-1.29528
"LECMUIR",245,999,122,39.02444,-1.26306
"LECMUIR",245,999,123,39.15,-1.25
"LECMUIR",245,999,124,39.91167,-1.04056
"LECMUIR",245,999,125,40,-1
"LECMUIR",245,999,126,40.08806,-0.97139
"LECMUIR",245,999,127,40.23083,-0.92556
"LECMUIR",245,999,128,40.70417,-0.77222
"LECMUIR",245,999,129,41.11667,-0.61667
"LECMUIR",245,999,130,41.78333,-0.39167
"LECMUIR",245,999,131,42.1,-0.29167
"LECMUIR",245,999,132,42.7,-0.06667
"LECMUIR",245,999,133,42.76472,-0.2
"LECMUIR",245,999,134,42.78806,-0.24444
"LECMUIR",245,999,135,42.83833,-0.295
"LECMUIR",245,999,136,42.81667,-0.46
"LECMUIR",245,999,137,42.875,-0.65694
"LECMUIR",245,999,138,42.89639,-0.72778
"LECMUIR",245,999,139,42.93194,-0.84444
"LECMUIR",245,999,140,42.97278,-0.97917
"LECMUIR",245,999,141,43.00917,-1.10806
"LECMUIR",245,999,142,43.05,-1.33333
"LECMUIR",245,999,143,43.05833,-1.45083
"LECMUIR",245,999,144,43.2875,-1.46667
"LECMUIR",245,999,145,43.28389,-1.49139
"LECMUIR",245,999,146,43.29194,-1.51361
"LECMUIR",245,999,147,43.25389,-1.56639
"LECMUIR",245,999,148,43.29083,-1.61806
"LECMUIR",245,999,149,43.31389,-1.72111
"LECMUIR",245,999,150,43.355,-1.74028
"LECMUIR",245,999,151,43.38333,-1.78333
"LECMUIR",245,999,152,43.58333,-1.78333
"LECMUIR",245,999,153,43.64639,-1.9625
"LECMUIR",245,999,154,43.68333,-2.06667
"LECMUIR",245,999,155,43.71944,-2.16583
"LECMUIR",245,999,156,43.83889,-2.51944
"LECMUIR",245,999,157,43.91083,-2.72889
"LECMUIR",245,999,158,43.91417,-2.73861
"LECMUIR",245,999,159,43.94861,-2.84028
"LECMUIR",245,999,160,43.97361,-2.9125
"LECMUIR",245,999,161,44.05139,-3.15028
"LECMUIR",245,999,162,44.29722,-3.89167
"LECMUIR",245,999,163,44.32889,-3.9875
"LECMUIR",245,999,164,44.37583,-4.23139
"LECMUIR",245,999,165,44.4125,-4.43611
"LECMUIR",245,999,166,44.44333,-4.60694
"LECMUIR",245,999,167,44.50528,-4.9475
"LECMUIR",245,999,168,44.54417,-5.13944
"LECMUIR",245,999,169,44.62222,-5.625
"LECMUIR",245,999,170,44.65861,-5.83667
"LECMUIR",245,999,171,44.83472,-6.91667
"LECMUIR",245,999,172,44.83528,-6.91972
"LECMUIR",245,999,173,45,-8
"LECMUIR",245,999,174,45,-8.75
"LECMUIR",245,999,175,45,-9
"LECMUIR",245,999,176,45,-9.13
"LECMUIR",245,999,177,45,-9.5
"LECMUIR",245,999,178,45,-9.83667
"LECMUIR",245,999,179,45,-10
"LECMUIR",245,999,180,45,-10.5
"LECMUIR",245,999,181,45,-11
"LECMUIR",245,999,182,45,-11.5
"LECMUIR",245,999,183,45,-12
"LECMUIR",245,999,184,45,-12.5
"LECMUIR",245,999,185,45,-12.58333
"LECMUIR",245,999,186,45,-12.91667
"LFFFFIR",0,195,1,51.10139,2.245
"LFFFFIR",0,195,2,51.11667,2
"LFFFFIR",0,195,3,51.05861,1.73222
"LFFFFIR",0,195,4,51.04472,1.66972
"LFFFFIR",0,195,5,51.03278,1.61556
"LFFFFIR",0,195,6,51.02,1.555
"LFFFFIR",0,195,7,51,1.46667
"LFFFFIR",0,195,8,50.96667,1.46667
"LFFFFIR",0,195,9,50.95778,1.46667
"LFFFFIR",0,195,10,50.92111,1.46667
"LFFFFIR",0,195,11,50.91611,1.46667
"LFFFFIR",0,195,12,50.90556,1.46667
"LFFFFIR",0,195,13,50.85694,1.46667
"LFFFFIR",0,195,14,50.77944,1.46667
"LFFFFIR",0,195,15,50.75,1.46667
"LFFFFIR",0,195,16,50.66667,1.46667
"LFFFFIR",0,195,17,50.66222,1.45472
"LFFFFIR",0,195,18,50.64972,1.40361
"LFFFFIR",0,195,19,50.63333,1.36667
"LFFFFIR",0,195,20,50.57556,1.22556
"LFFFFIR",0,195,21,50.53306,1.09944
"LFFFFIR",0,195,22,50.515,1.06556
"LFFFFIR",0,195,23,50.5,1
"LFFFFIR",0,195,24,50.47667,0.96472
"LFFFFIR",0,195,25,50.44556,0.885
"LFFFFIR",0,195,26,50.42139,0.82139
"LFFFFIR",0,195,27,50.40139,0.76972
"LFFFFIR",0,195,28,50.35167,0.64139
"LFFFFIR",0,195,29,50.27444,0.44361
"LFFFFIR",0,195,30,50.20444,0.26472
"LFFFFIR",0,195,31,50.13333,0.1
"LFFFFIR",0,195,32,50.1,0
"LFFFFIR",0,195,33,50.05556,-0.11083
"LFFFFIR",0,195,34,50,-0.25
"LFFFFIR",0,195,35,49.81667,-0.25
"LFFFFIR",0,195,36,49.52667,-0.25
"LFFFFIR",0,195,37,49.44694,-0.25
"LFFFFIR",0,195,38,49.16667,-0.25
"LFFFFIR",0,195,39,48.95,-0.25
"LFFFFIR",0,195,40,48.92972,-0.25
"LFFFFIR",0,195,41,48.83806,-0.25
"LFFFFIR",0,195,42,48.7375,-0.25
"LFFFFIR",0,195,43,48.65917,-0.24861
"LFFFFIR",0,195,44,48.55056,-0.25
"LFFFFIR",0,195,45,48.53333,-0.25
"LFFFFIR",0,195,46,48.46222,-0.25
"LFFFFIR",0,195,47,48.36167,-0.25
"LFFFFIR",0,195,48,48.17222,-0.24944
"LFFFFIR",0,195,49,47.93333,-0.25
"LFFFFIR",0,195,50,47.85306,-0.25
"LFFFFIR",0,195,51,47.41667,-0.25
"LFFFFIR",0,195,52,47.16667,-0.25
"LFFFFIR",0,195,53,47.16667,0.05111
"LFFFFIR",0,195,54,47.16667,0.18
"LFFFFIR",0,195,55,47.16667,0.25556
"LFFFFIR",0,195,56,47.16667,0.82472
"LFFFFIR",0,195,57,47.16667,1.05833
"LFFFFIR",0,195,58,47.16667,1.45806
"LFFFFIR",0,195,59,47.16667,2
"LFFFFIR",0,195,60,47.08222,2.16889
"LFFFFIR",0,195,61,46.75,2.83333
"LFFFFIR",0,195,62,46.72917,2.83778
"LFFFFIR",0,195,63,46.54194,2.87917
"LFFFFIR",0,195,64,46.49917,2.88583
"LFFFFIR",0,195,65,46.37611,2.91139
"LFFFFIR",0,195,66,46.5,3.26667
"LFFFFIR",0,195,67,46.5,3.61667
"LFFFFIR",0,195,68,46.5,4.4
"LFFFFIR",0,195,69,46.5,4.53806
"LFFFFIR",0,195,70,46.5,4.675
"LFFFFIR",0,195,71,46.5,4.83333
"LFFFFIR",0,195,72,47.41667,4.33333
"LFFFFIR",0,195,73,47.65,4.58333
"LFFFFIR",0,195,74,47.80056,4.75583
"LFFFFIR",0,195,75,47.95611,4.9325
"LFFFFIR",0,195,76,47.97417,4.95278
"LFFFFIR",0,195,77,48.01667,5
"LFFFFIR",0,195,78,48.12778,5.12278
"LFFFFIR",0,195,79,48.16667,5.16667
"LFFFFIR",0,195,80,48.21667,5.5
"LFFFFIR",0,195,81,48.25,5.73333
"LFFFFIR",0,195,82,48.95,4.8
"LFFFFIR",0,195,83,49.26667,5.55417
"LFFFFIR",0,195,84,49.3625,5.80694
"LFFFFIR",0,195,85,49.45556,6
"LFFFFIR",0,195,86,49.53,5.84583
"LFFFFIR",0,195,87,49.54306,5.83333
"LFFFFIR",0,195,88,49.54306,5.82417
"LFFFFIR",0,195,89,49.54944,5.81611
"LFFFFIR",0,195,90,49.54222,5.75556
"LFFFFIR",0,195,91,49.54167,5.75
"LFFFFIR",0,195,92,49.5275,5.57528
"LFFFFIR",0,195,93,49.51889,5.4375
"LFFFFIR",0,195,94,49.54694,5.45278
"LFFFFIR",0,195,95,49.56778,5.44222
"LFFFFIR",0,195,96,49.60111,5.42056
"LFFFFIR",0,195,97,49.61667,5.38333
"LFFFFIR",0,195,98,49.62528,5.37167
"LFFFFIR",0,195,99,49.64833,5.31583
"LFFFFIR",0,195,100,49.67722,5.29111
"LFFFFIR",0,195,101,49.69306,5.26278
"LFFFFIR",0,195,102,49.71667,5.16333
"LFFFFIR",0,195,103,49.73417,5.12056
"LFFFFIR",0,195,104,49.73611,5.115
"LFFFFIR",0,195,105,49.8,4.98806
"LFFFFIR",0,195,106,49.8,4.93944
"LFFFFIR",0,195,107,49.8,4.85833
"LFFFFIR",0,195,108,49.86194,4.85778
"LFFFFIR",0,195,109,49.98333,4.86667
"LFFFFIR",0,195,110,49.975,4.56667
"LFFFFIR",0,195,111,49.96556,4.53528
"LFFFFIR",0,195,112,49.95,4.48333
"LFFFFIR",0,195,113,49.96167,4.36667
"LFFFFIR",0,195,114,49.98028,4.15028
"LFFFFIR",0,195,115,49.98056,4.14583
"LFFFFIR",0,195,116,50.14889,4.16806
"LFFFFIR",0,195,117,50.22472,4.17806
"LFFFFIR",0,195,118,50.29667,4.11889
"LFFFFIR",0,195,119,50.31472,4.08972
"LFFFFIR",0,195,120,50.32833,3.97306
"LFFFFIR",0,195,121,50.33389,3.92667
"LFFFFIR",0,195,122,50.34056,3.87306
"LFFFFIR",0,195,123,50.33972,3.7875
"LFFFFIR",0,195,124,50.34222,3.675
"LFFFFIR",0,195,125,50.35,3.66667
"LFFFFIR",0,195,126,50.41667,3.66667
"LFFFFIR",0,195,127,50.45194,3.64556
"LFFFFIR",0,195,128,50.47333,3.63333
"LFFFFIR",0,195,129,50.48389,3.60056
"LFFFFIR",0,195,130,50.49722,3.55417
"LFFFFIR",0,195,131,50.52667,3.51167
"LFFFFIR",0,195,132,50.51944,3.48472
"LFFFFIR",0,195,133,50.495,3.37667
"LFFFFIR",0,195,134,50.515,3.36167
"LFFFFIR",0,195,135,50.59472,3.28417
"LFFFFIR",0,195,136,50.60972,3.27
"LFFFFIR",0,195,137,50.78333,3.15
"LFFFFIR",0,195,138,50.69167,2.90833
"LFFFFIR",0,195,139,50.7,2.9
"LFFFFIR",0,195,140,50.80833,2.65
"LFFFFIR",0,195,141,50.81889,2.64722
"LFFFFIR",0,195,142,51.01389,2.59167
"LFFFFIR",0,195,143,51.08333,2.55
"LFFFFIR",0,195,144,51.10139,2.245
"LFFFUIR",195,999,1,51.11667,2
"LFFFUIR",195,999,2,51.05861,1.73222
"LFFFUIR",195,999,3,51.04472,1.66972
"LFFFUIR",195,999,4,51.03278,1.61556
"LFFFUIR",195,999,5,51.02,1.555
"LFFFUIR",195,999,6,51,1.46667
"LFFFUIR",195,999,7,50.96667,1.46667
"LFFFUIR",195,999,8,50.95778,1.46667
"LFFFUIR",195,999,9,50.92111,1.46667
"LFFFUIR",195,999,10,50.91611,1.46667
"LFFFUIR",195,999,11,50.90556,1.46667
"LFFFUIR",195,999,12,50.85694,1.46667
"LFFFUIR",195,999,13,50.77944,1.46667
"LFFFUIR",195,999,14,50.75,1.46667
"LFFFUIR",195,999,15,50.66667,1.46667
"LFFFUIR",195,999,16,50.66222,1.45472
"LFFFUIR",195,999,17,50.64972,1.40361
"LFFFUIR",195,999,18,50.63333,1.36667
"LFFFUIR",195,999,19,50.57556,1.22556
"LFFFUIR",195,999,20,50.53306,1.09944
"LFFFUIR",195,999,21,50.515,1.06556
"LFFFUIR",195,999,22,50.5,1
"LFFFUIR",195,999,23,50.47667,0.96472
"LFFFUIR",195,999,24,50.44556,0.885
"LFFFUIR",195,999,25,50.42139,0.82139
"LFFFUIR",195,999,26,50.40139,0.76972
"LFFFUIR",195,999,27,50.35167,0.64139
"LFFFUIR",195,999,28,50.27444,0.44361
"LFFFUIR",195,999,29,50.20444,0.26472
"LFFFUIR",195,999,30,50.13333,0.1
"LFFFUIR",195,999,31,50.1,0
"LFFFUIR",195,999,32,50.05556,-0.11083
"LFFFUIR",195,999,33,50,-0.25
"LFFFUIR",195,999,34,50,-0.36833
"LFFFUIR",195,999,35,50,-0.53194
"LFFFUIR",195,999,36,50,-0.53333
"LFFFUIR",195,999,37,50,-0.83333
"LFFFUIR",195,999,38,50,-1
"LFFFUIR",195,999,39,50,-1.05389
"LFFFUIR",195,999,40,50,-1.19056
"LFFFUIR",195,999,41,50,-1.25278
"LFFFUIR",195,999,42,50,-1.38056
"LFFFUIR",195,999,43,50,-1.5
"LFFFUIR",195,999,44,50,-1.51028
"LFFFUIR",195,999,45,50,-1.69139
"LFFFUIR",195,999,46,50,-1.71694
"LFFFUIR",195,999,47,50,-1.78333
"LFFFUIR",195,999,48,50,-1.845
"LFFFUIR",195,999,49,50,-1.85917
"LFFFUIR",195,999,50,50,-1.88333
"LFFFUIR",195,999,51,50,-1.97472
"LFFFUIR",195,999,52,50,-2
"LFFFUIR",195,999,53,49.99917,-2.005
"LFFFUIR",195,999,54,49.9825,-2.10639
"LFFFUIR",195,999,55,49.97278,-2.16361
"LFFFUIR",195,999,56,49.97111,-2.17306
"LFFFUIR",195,999,57,49.95972,-2.24333
"LFFFUIR",195,999,58,49.93833,-2.37111
"LFFFUIR",195,999,59,49.91556,-2.50861
"LFFFUIR",195,999,60,49.83333,-3
"LFFFUIR",195,999,61,49.82472,-3.03417
"LFFFUIR",195,999,62,49.81861,-3.06806
"LFFFUIR",195,999,63,49.80333,-3.16194
"LFFFUIR",195,999,64,49.80139,-3.17361
"LFFFUIR",195,999,65,49.78528,-3.25944
"LFFFUIR",195,999,66,49.73722,-3.52944
"LFFFUIR",195,999,67,49.68472,-3.82
"LFFFUIR",195,999,68,49.65139,-4.00139
"LFFFUIR",195,999,69,49.62167,-4.16139
"LFFFUIR",195,999,70,49.59028,-4.33028
"LFFFUIR",195,999,71,49.5675,-4.45
"LFFFUIR",195,999,72,49.47806,-4.91639
"LFFFUIR",195,999,73,49.4625,-5
"LFFFUIR",195,999,74,49.45611,-5.0325
"LFFFUIR",195,999,75,49.41056,-5.26639
"LFFFUIR",195,999,76,49.29167,-5.85972
"LFFFUIR",195,999,77,49.23389,-6.14306
"LFFFUIR",195,999,78,49.00722,-7.21472
"LFFFUIR",195,999,79,48.92833,-7.57444
"LFFFUIR",195,999,80,48.83333,-8
"LFFFUIR",195,999,81,48.57694,-8
"LFFFUIR",195,999,82,48.5,-8
"LFFFUIR",195,999,83,48.4875,-8
"LFFFUIR",195,999,84,48.31667,-8
"LFFFUIR",195,999,85,48,-8
"LFFFUIR",195,999,86,47.82778,-8
"LFFFUIR",195,999,87,47.825,-8
"LFFFUIR",195,999,88,47.5,-8
"LFFFUIR",195,999,89,47,-8
"LFFFUIR",195,999,90,46,-8
"LFFFUIR",195,999,91,45.5,-8
"LFFFUIR",195,999,92,45,-8
"LFFFUIR",195,999,93,44.83528,-6.91972
"LFFFUIR",195,999,94,44.83472,-6.91667
"LFFFUIR",195,999,95,44.65861,-5.83667
"LFFFUIR",195,999,96,44.62222,-5.625
"LFFFUIR",195,999,97,44.54417,-5.13944
"LFFFUIR",195,999,98,44.50528,-4.9475
"LFFFUIR",195,999,99,44.44333,-4.60694
"LFFFUIR",195,999,100,44.4125,-4.43611
"LFFFUIR",195,999,101,44.37583,-4.23139
"LFFFUIR",195,999,102,44.32889,-3.9875
"LFFFUIR",195,999,103,44.29722,-3.89167
"LFFFUIR",195,999,104,44.05139,-3.15028
"LFFFUIR",195,999,105,43.97361,-2.9125
"LFFFUIR",195,999,106,43.94861,-2.84028
"LFFFUIR",195,999,107,43.91417,-2.73861
"LFFFUIR",195,999,108,43.91083,-2.72889
"LFFFUIR",195,999,109,43.83889,-2.51944
"LFFFUIR",195,999,110,43.71944,-2.16583
"LFFFUIR",195,999,111,43.68333,-2.06667
"LFFFUIR",195,999,112,43.64639,-1.9625
"LFFFUIR",195,999,113,43.58333,-1.78333
"LFFFUIR",195,999,114,43.38333,-1.78333
"LFFFUIR",195,999,115,43.355,-1.74028
"LFFFUIR",195,999,116,43.31389,-1.72111
"LFFFUIR",195,999,117,43.29083,-1.61806
"LFFFUIR",195,999,118,43.25389,-1.56639
"LFFFUIR",195,999,119,43.29194,-1.51361
"LFFFUIR",195,999,120,43.28389,-1.49139
"LFFFUIR",195,999,121,43.2875,-1.46667
"LFFFUIR",195,999,122,43.05833,-1.45083
"LFFFUIR",195,999,123,43.05,-1.33333
"LFFFUIR",195,999,124,43.00917,-1.10806
"LFFFUIR",195,999,125,42.97278,-0.97917
"LFFFUIR",195,999,126,42.93194,-0.84444
"LFFFUIR",195,999,127,42.89639,-0.72778
"LFFFUIR",195,999,128,42.875,-0.65694
"LFFFUIR",195,999,129,42.81667,-0.46
"LFFFUIR",195,999,130,42.83833,-0.295
"LFFFUIR",195,999,131,42.78806,-0.24444
"LFFFUIR",195,999,132,42.76472,-0.2
"LFFFUIR",195,999,133,42.7,-0.06667
"LFFFUIR",195,999,134,42.73222,0.15111
"LFFFUIR",195,999,135,42.7,0.36667
"LFFFUIR",195,999,136,42.7,0.41667
"LFFFUIR",195,999,137,42.69306,0.55833
"LFFFUIR",195,999,138,42.85,0.73333
"LFFFUIR",195,999,139,42.84528,0.75
"LFFFUIR",195,999,140,42.81583,0.86194
"LFFFUIR",195,999,141,42.77472,0.99722
"LFFFUIR",195,999,142,42.77528,1.11389
"LFFFUIR",195,999,143,42.72444,1.22944
"LFFFUIR",195,999,144,42.69444,1.375
"LFFFUIR",195,999,145,42.61611,1.48361
"LFFFUIR",195,999,146,42.61722,1.64583
"LFFFUIR",195,999,147,42.6175,1.67833
"LFFFUIR",195,999,148,42.50444,1.72806
"LFFFUIR",195,999,149,42.36694,2.00833
"LFFFUIR",195,999,150,42.38167,2.10028
"LFFFUIR",195,999,151,42.3825,2.10472
"LFFFUIR",195,999,152,42.38333,2.16667
"LFFFUIR",195,999,153,42.43333,2.21639
"LFFFUIR",195,999,154,42.4,2.53333
"LFFFUIR",195,999,155,42.41667,2.69167
"LFFFUIR",195,999,156,42.45139,2.83222
"LFFFUIR",195,999,157,42.46583,2.9075
"LFFFUIR",195,999,158,42.48028,2.98306
"LFFFUIR",195,999,159,42.43222,3.12833
"LFFFUIR",195,999,160,42.43333,3.16667
"LFFFUIR",195,999,161,42.43278,3.17639
"LFFFUIR",195,999,162,42.43111,3.20083
"LFFFUIR",195,999,163,42.33333,3.5
"LFFFUIR",195,999,164,42.26028,3.82861
"LFFFUIR",195,999,165,42.21694,3.92222
"LFFFUIR",195,999,166,42.20917,4.00028
"LFFFUIR",195,999,167,42.17222,4.11556
"LFFFUIR",195,999,168,42.09861,4.33333
"LFFFUIR",195,999,169,42.07972,4.415
"LFFFUIR",195,999,170,42.06889,4.43472
"LFFFUIR",195,999,171,42,4.66667
"LFFFUIR",195,999,172,41.73333,4.66667
"LFFFUIR",195,999,173,41.41667,4.66667
"LFFFUIR",195,999,174,41.0575,4.66667
"LFFFUIR",195,999,175,40.85694,4.66667
"LFFFUIR",195,999,176,40.55222,4.66667
"LFFFUIR",195,999,177,40.5,4.66667
"LFFFUIR",195,999,178,40.39111,4.66667
"LFFFUIR",195,999,179,40.28222,4.66667
"LFFFUIR",195,999,180,40.18028,4.66667
"LFFFUIR",195,999,181,40.06472,4.66667
"LFFFUIR",195,999,182,40.03111,4.66667
"LFFFUIR",195,999,183,39.95667,4.66667
"LFFFUIR",195,999,184,39.71667,4.66667
"LFFFUIR",195,999,185,39.58444,4.66667
"LFFFUIR",195,999,186,39,4.685
"LFFFUIR",195,999,187,39,5
"LFFFUIR",195,999,188,39,5.37472
"LFFFUIR",195,999,189,39,6.08833
"LFFFUIR",195,999,190,39,6.25
"LFFFUIR",195,999,191,39,6.71667
"LFFFUIR",195,999,192,39,7.03333
"LFFFUIR",195,999,193,39,7.33111
"LFFFUIR",195,999,194,39,7.56667
"LFFFUIR",195,999,195,39,7.63333
"LFFFUIR",195,999,196,39,8
"LFFFUIR",195,999,197,39.15,8
"LFFFUIR",195,999,198,39.20944,8
"LFFFUIR",195,999,199,39.69861,8
"LFFFUIR",195,999,200,40,8
"LFFFUIR",195,999,201,40.35,8
"LFFFUIR",195,999,202,40.42472,8
"LFFFUIR",195,999,203,40.60806,8
"LFFFUIR",195,999,204,40.745,8
"LFFFUIR",195,999,205,40.86222,8
"LFFFUIR",195,999,206,40.91667,8
"LFFFUIR",195,999,207,41,8
"LFFFUIR",195,999,208,41.16194,8.16139
"LFFFUIR",195,999,209,41.28333,8.28333
"LFFFUIR",195,999,210,41.33333,8.33333
"LFFFUIR",195,999,211,41.33333,8.44389
"LFFFUIR",195,999,212,41.33333,8.57
"LFFFUIR",195,999,213,41.33333,8.69083
"LFFFUIR",195,999,214,41.33333,8.81222
"LFFFUIR",195,999,215,41.33333,9.03694
"LFFFUIR",195,999,216,41.33333,9.10639
"LFFFUIR",195,999,217,41.33333,9.26833
"LFFFUIR",195,999,218,41.33333,9.31667
"LFFFUIR",195,999,219,41.33333,9.5
"LFFFUIR",195,999,220,41.33333,9.61667
"LFFFUIR",195,999,221,41.33333,9.75
"LFFFUIR",195,999,222,41.66667,9.75
"LFFFUIR",195,999,223,41.73333,9.75
"LFFFUIR",195,999,224,41.75,9.75
"LFFFUIR",195,999,225,41.79056,9.75
"LFFFUIR",195,999,226,41.93333,9.75
"LFFFUIR",195,999,227,42.32583,9.75
"LFFFUIR",195,999,228,42.41167,9.75
"LFFFUIR",195,999,229,42.50083,9.75
"LFFFUIR",195,999,230,42.62139,9.75
"LFFFUIR",195,999,231,42.82278,9.75
"LFFFUIR",195,999,232,42.95389,9.75
"LFFFUIR",195,999,233,43.16667,9.75
"LFFFUIR",195,999,234,43.33167,9.17583
"LFFFUIR",195,999,235,43.38833,8.95833
"LFFFUIR",195,999,236,43.43167,8.81917
"LFFFUIR",195,999,237,43.4375,8.80056
"LFFFUIR",195,999,238,43.46222,8.71222
"LFFFUIR",195,999,239,43.49167,8.59861
"LFFFUIR",195,999,240,43.50556,8.54444
"LFFFUIR",195,999,241,43.57028,8.32167
"LFFFUIR",195,999,242,43.70194,7.8375
"LFFFUIR",195,999,243,43.73417,7.71389
"LFFFUIR",195,999,244,43.76667,7.68333
"LFFFUIR",195,999,245,43.775,7.53333
"LFFFUIR",195,999,246,43.9,7.58333
"LFFFUIR",195,999,247,44,7.66667
"LFFFUIR",195,999,248,44.06111,7.71278
"LFFFUIR",195,999,249,44.14556,7.62528
"LFFFUIR",195,999,250,44.14222,7.28556
"LFFFUIR",195,999,251,44.21389,7.08111
"LFFFUIR",195,999,252,44.24,7.00694
"LFFFUIR",195,999,253,44.44917,6.91667
"LFFFUIR",195,999,254,44.58417,7.00167
"LFFFUIR",195,999,255,44.65833,7.04167
"LFFFUIR",195,999,256,44.8,7.0125
"LFFFUIR",195,999,257,44.84139,6.89917
"LFFFUIR",195,999,258,45.00861,6.77722
"LFFFUIR",195,999,259,45.11389,6.64417
"LFFFUIR",195,999,260,45.19167,6.95833
"LFFFUIR",195,999,261,45.40333,7.08667
"LFFFUIR",195,999,262,45.45639,7.02111
"LFFFUIR",195,999,263,45.46667,7.03194
"LFFFUIR",195,999,264,45.48,7.04333
"LFFFUIR",195,999,265,45.75278,6.86667
"LFFFUIR",195,999,266,45.90028,7.04944
"LFFFUIR",195,999,267,46.00417,6.98556
"LFFFUIR",195,999,268,46.14194,6.8075
"LFFFUIR",195,999,269,46.2375,6.81083
"LFFFUIR",195,999,270,46.34111,6.77944
"LFFFUIR",195,999,271,46.34167,6.74222
"LFFFUIR",195,999,272,46.365,6.65972
"LFFFUIR",195,999,273,46.36,6.53056
"LFFFUIR",195,999,274,46.38444,6.4775
"LFFFUIR",195,999,275,46.32056,6.29333
"LFFFUIR",195,999,276,46.205,6.21833
"LFFFUIR",195,999,277,46.18611,6.08028
"LFFFUIR",195,999,278,46.14333,6.00472
"LFFFUIR",195,999,279,46.14611,5.97611
"LFFFUIR",195,999,280,46.19167,5.97222
"LFFFUIR",195,999,281,46.33278,6.12333
"LFFFUIR",195,999,282,46.4175,6.06778
"LFFFUIR",195,999,283,46.52528,6.09472
"LFFFUIR",195,999,284,46.54611,6.09083
"LFFFUIR",195,999,285,46.61139,6.16444
"LFFFUIR",195,999,286,46.67111,6.25083
"LFFFUIR",195,999,287,46.68333,6.275
"LFFFUIR",195,999,288,46.69972,6.29056
"LFFFUIR",195,999,289,46.71194,6.32222
"LFFFUIR",195,999,290,46.74333,6.39167
"LFFFUIR",195,999,291,46.75139,6.41028
"LFFFUIR",195,999,292,46.76,6.44139
"LFFFUIR",195,999,293,46.78222,6.39667
"LFFFUIR",195,999,294,46.85417,6.46028
"LFFFUIR",195,999,295,46.92556,6.4325
"LFFFUIR",195,999,296,46.96028,6.47583
"LFFFUIR",195,999,297,47.02444,6.64167
"LFFFUIR",195,999,298,47.05333,6.71667
"LFFFUIR",195,999,299,47.13333,6.81667
"LFFFUIR",195,999,300,47.24333,6.95444
"LFFFUIR",195,999,301,47.32361,7.00583
"LFFFUIR",195,999,302,47.34417,7.0625
"LFFFUIR",195,999,303,47.38111,6.89917
"LFFFUIR",195,999,304,47.46306,6.96472
"LFFFUIR",195,999,305,47.46972,6.99444
"LFFFUIR",195,999,306,47.49611,6.98944
"LFFFUIR",195,999,307,47.5,7.14222
"LFFFUIR",195,999,308,47.42556,7.2025
"LFFFUIR",195,999,309,47.41389,7.38111
"LFFFUIR",195,999,310,47.49111,7.42889
"LFFFUIR",195,999,311,47.4975,7.47361
"LFFFUIR",195,999,312,47.60389,7.58
"LFFFUIR",195,999,313,47.63278,7.5
"LFFFUIR",195,999,314,47.68861,7.53389
"LFFFUIR",195,999,315,47.78333,7.53194
"LFFFUIR",195,999,316,47.83028,7.5575
"LFFFUIR",195,999,317,47.83639,7.56083
"LFFFUIR",195,999,318,47.90833,7.58333
"LFFFUIR",195,999,319,47.98778,7.61722
"LFFFUIR",195,999,320,48,7.61667
"LFFFUIR",195,999,321,48.08333,7.5775
"LFFFUIR",195,999,322,48.19917,7.64778
"LFFFUIR",195,999,323,48.21667,7.65833
"LFFFUIR",195,999,324,48.34778,7.70361
"LFFFUIR",195,999,325,48.435,7.73361
"LFFFUIR",195,999,326,48.50972,7.79139
"LFFFUIR",195,999,327,48.52083,7.8
"LFFFUIR",195,999,328,48.71667,7.96667
"LFFFUIR",195,999,329,48.775,8.02222
"LFFFUIR",195,999,330,48.91667,8.15417
"LFFFUIR",195,999,331,48.97417,8.21861
"LFFFUIR",195,999,332,48.98806,8.12056
"LFFFUIR",195,999,333,49,8.06667
"LFFFUIR",195,999,334,49.01944,8.00222
"LFFFUIR",195,999,335,49.04167,7.91667
"LFFFUIR",195,999,336,49.05083,7.71833
"LFFFUIR",195,999,337,49.08028,7.585
"LFFFUIR",195,999,338,49.12,7.34667
"LFFFUIR",195,999,339,49.15139,7.15889
"LFFFUIR",195,999,340,49.17222,7.03944
"LFFFUIR",195,999,341,49.22278,6.73083
"LFFFUIR",195,999,342,49.25,6.68333
"LFFFUIR",195,999,343,49.43278,6.55972
"LFFFUIR",195,999,344,49.45556,6.54444
"LFFFUIR",195,999,345,49.46667,6.46667
"LFFFUIR",195,999,346,49.46667,6.4
"LFFFUIR",195,999,347,49.46667,6.39167
"LFFFUIR",195,999,348,49.46583,6.34917
"LFFFUIR",195,999,349,49.50833,6.225
"LFFFUIR",195,999,350,49.50306,6.20667
"LFFFUIR",195,999,351,49.49639,6.18444
"LFFFUIR",195,999,352,49.47639,6.115
"LFFFUIR",195,999,353,49.46667,6.05556
"LFFFUIR",195,999,354,49.45556,6
"LFFFUIR",195,999,355,49.53,5.84583
"LFFFUIR",195,999,356,49.54306,5.83333
"LFFFUIR",195,999,357,49.54306,5.82417
"LFFFUIR",195,999,358,49.54944,5.81611
"LFFFUIR",195,999,359,49.54222,5.75556
"LFFFUIR",195,999,360,49.54167,5.75
"LFFFUIR",195,999,361,49.5275,5.57528
"LFFFUIR",195,999,362,49.51889,5.4375
"LFFFUIR",195,999,363,49.54694,5.45278
"LFFFUIR",195,999,364,49.56778,5.44222
"LFFFUIR",195,999,365,49.60111,5.42056
"LFFFUIR",195,999,366,49.61667,5.38333
"LFFFUIR",195,999,367,49.62528,5.37167
"LFFFUIR",195,999,368,49.64833,5.31583
"LFFFUIR",195,999,369,49.67722,5.29111
"LFFFUIR",195,999,370,49.69306,5.26278
"LFFFUIR",195,999,371,49.71667,5.16333
"LFFFUIR",195,999,372,49.73417,5.12056
"LFFFUIR",195,999,373,49.73611,5.115
"LFFFUIR",195,999,374,49.8,4.98806
"LFFFUIR",195,999,375,49.8,4.93944
"LFFFUIR",195,999,376,49.8,4.85833
"LFFFUIR",195,999,377,49.86194,4.85778
"LFFFUIR",195,999,378,49.98333,4.86667
"LFFFUIR",195,999,379,49.975,4.56667
"LFFFUIR",195,999,380,49.96556,4.53528
"LFFFUIR",195,999,381,49.95,4.48333
"LFFFUIR",195,999,382,49.96167,4.36667
"LFFFUIR",195,999,383,49.98028,4.15028
"LFFFUIR",195,999,384,49.98056,4.14583
"LFFFUIR",195,999,385,50.14889,4.16806
"LFFFUIR",195,999,386,50.22472,4.17806
"LFFFUIR",195,999,387,50.29667,4.11889
"LFFFUIR",195,999,388,50.31472,4.08972
"LFFFUIR",195,999,389,50.32833,3.97306
"LFFFUIR",195,999,390,50.33389,3.92667
"LFFFUIR",195,999,391,50.34056,3.87306
"LFFFUIR",195,999,392,50.33972,3.7875
"LFFFUIR",195,999,393,50.34222,3.675
"LFFFUIR",195,999,394,50.35,3.66667
"LFFFUIR",195,999,395,50.41667,3.66667
"LFFFUIR",195,999,396,50.45194,3.64556
"LFFFUIR",195,999,397,50.47333,3.63333
"LFFFUIR",195,999,398,50.48389,3.60056
"LFFFUIR",195,999,399,50.49722,3.55417
"LFFFUIR",195,999,400,50.52667,3.51167
"LFFFUIR",195,999,401,50.51944,3.48472
"LFFFUIR",195,999,402,50.495,3.37667
"LFFFUIR",195,999,403,50.515,3.36167
"LFFFUIR",195,999,404,50.59472,3.28417
"LFFFUIR",195,999,405,50.60972,3.27
"LFFFUIR",195,999,406,50.78333,3.15
"LFFFUIR",195,999,407,50.69167,2.90833
"LFFFUIR",195,999,408,50.7,2.9
"LFFFUIR",195,999,409,50.80833,2.65
"LFFFUIR",195,999,410,50.81889,2.64722
"LFFFUIR",195,999,411,51.01389,2.59167
"LFFFUIR",195,999,412,51.08333,2.55
"LFFFUIR",195,999,413,51.10139,2.245
"LFFFUIR",195,999,414,51.11667,2
