"ECTRL ID","Sequence Number","FIR ID","Entry Time","Exit Time"
184409764,0,"TAXI_OUT","01-03-2015 05:51:00","01-03-2015 06:07:00"
184409764,1,"LFFFFIR","01-03-2015 06:07:00","01-03-2015 06:15:06"
184409764,2,"LFFFUIR","01-03-2015 06:15:06","01-03-2015 07:06:01"
184409764,3,"LECMUIR","01-03-2015 07:06:01","01-03-2015 07:51:52"
184409764,4,"LECMFIR","01-03-2015 07:51:52","01-03-2015 08:11:21"
184409764,5,"TAXI_IN","01-03-2015 08:11:21","01-03-2015 08:21:21"
184410592,0,"TAXI_OUT","01-03-2015 06:41:00","01-03-2015 06:54:00"
184410592,1,"LFFFFIR","01-03-2015 06:54:00","01-03-2015 07:02:59"
184410592,2,"LFFFUIR","01-03-2015 07:02:59","01-03-2015 07:47:09"
184410592,3,"FIR_UNK","01-03-2015 07:47:09","01-03-2015 07:47:20"
184410592,4,"LECBFIR","01-03-2015 07:47:20","01-03-2015 08:12:17"
184410592,5,"TAXI_IN","01-03-2015 08:12:17","01-03-2015 08:22:17"
