"ECTRL ID","Sequence Number","AUA ID","Entry Time","Exit Time"
184409764,1,"LFFFCTA","01-03-2015 06:07:00","01-03-2015 06:19:50"
184409764,2,"ATC_UNK","01-03-2015 06:19:50","01-03-2015 06:20:19"
184409764,3,"LFBBCTA","01-03-2015 06:20:19","01-03-2015 07:06:01"
184409764,4,"LECMCTA","01-03-2015 07:06:01","01-03-2015 07:41:27"
184409764,5,"LECSCTA","01-03-2015 07:41:27","01-03-2015 08:01:51"
184409764,6,"LEMGTMA","01-03-2015 08:01:51","01-03-2015 08:11:21"
184410592,1,"LFFFCTA","01-03-2015 06:54:00","01-03-2015 07:07:16"
184410592,2,"LFBBCTA","01-03-2015 07:07:16","01-03-2015 07:47:09"
184410592,3,"LEBLTMA","01-03-2015 07:47:09","01-03-2015 08:12:17"
