"Route ID","Sequence Number","Latitude","Longitude"
"UN857",1,50.02056,6.71139
"UN857",2,50.01583,6.53167
"UN857",3,50.01444,6.37528
"UN857",4,49.92278,6.22917
"UN857",5,49.86139,6.12972
"UN857",6,49.74167,5.86972
"UN857",7,49.62528,5.37167
"UN857",8,49.59139,5.21306
"UN857",9,49.53306,4.88556
"UN857",10,49.41167,4.22
"UN857",11,49.36556,3.97389
"UN857",12,48.56861,2.19194
"UN857",13,48.28333,2.1
"UN857",14,48.13333,2.13167
"UN857",15,47.31778,2.17917
"UN857",16,47.08917,2.19222
"UN857",17,45.81583,1.02556
"UN857",18,44.98,0.15556
"UN857",19,44.67694,-0.15306
"UN857",20,43.05833,-1.45083
"UN857",21,42.73389,-1.70194
"UN857",22,42.27194,-2.01111
"UN857",23,41.32361,-2.63
"UN857",24,40.64556,-3.24778
"UN857",25,40.34083,-3.52056
"UN857",26,40.11083,-3.72444
"UN857",27,39.73333,-4.05528
"UN857",28,39.22167,-4.49694
"UN857",29,39,-4.68583
"UN857",30,38.50806,-5.09972
"UN857",31,37.4275,-5.7625
"UN857",32,36.50889,-6.72694
"UN857",33,35.83333,-7.41667
"UN857",34,35.41389,-7.83333
"UN857",35,34.44444,-8.78917
"UN857",36,32.9975,-10.14833
"UN857",37,31.75389,-11.2775
"UN857",38,30.50833,-12.375
"UN857",39,30.10417,-12.71722
"UN857",40,29.16611,-13.51083
"UN857",41,26.72306,-15.21111
"UN857",42,25,-16.35889
"UN857",43,21.33833,-18.67889
"UN857",44,19.58333,-19.735
"UN857",45,15.93833,-21.87
"UN857",46,13.5,-23.24167
"UN857",47,8.33667,-26.05167
"UN857",48,6.43556,-27.06222
"UN857",49,3.12833,-28.8
"UN857",50,1.39444,-29.70917
"UN857",51,0.22889,-30.31167
"UN857",52,-0.93639,-30.91417
"UN857",53,-3.27167,-32.12111
